"trial_type","trial_index","time_elapsed","internal_node_id","rt","stimulus","response","slider_start","png","strokes","question_order"
"pavlovia","0","904","0.0-0.0","","","","","","",""
"html-keyboard-response","1","21484","0.0-1.0","20579","
        <p>Welcome!</p>
        <p> Sorry I mixed up the folder thing. And more mistakes, yayyyyy.</p>
        <p style=""text-align:left; color:red""> Press any key to continue.<br>Yay HTML </p>
        ","f","","","",""
"image-slider-response","2","27444","0.0-2.0","5957","img/tomato.webp","81","50","","",""
"image-slider-response","3","30643","0.0-3.0","3199","img/blurple.png","32","50","","",""
"sketchpad","4","42350","0.0-4.0","11699","","button","","data:image/png;base64,iVBORw0KGgoAAAANSUhEUgAAAfQAAAH0CAYAAADL1t+KAAAgAElEQVR4Xu3de8xlVX038OUMzE1uBcWZUsRGsBakMKaJWLFqRes/xiuiKYitmComxjK0tpD4RyvU2oHeAtaKTQGjjMXWJqQNihFFrY0tqIitgAmgZQZBcQSGmenM+Lof3+fhPOe5ncvae1325yRv+sqcs9b6fX5r7++zz/VJP/npLbgRIECAAAECRQs8SaAX3T+LJ0CAAAECMwIC3UYgQIAAAQIVCAj0CpqoBAIECBAgINDtAQIECBAgUIGAQK+giUogQIAAAQIC3R4gQIAAAQIVCAj0CpqoBAIECBAgINDtAQIECBAgUIGAQK+giUogQIAAAQIC3R4gQIAAAQIVCAj0CpqoBAIECBAgINDtAQIECBAgUIGAQK+giUogQIAAAQIC3R4gQIAAAQIVCAj0CpqoBAIECBAgINDtAQIECBAgUIGAQK+giUogQIAAAQIC3R4gQIAAAQIVCAj0CpqoBAIECBAgINDtAQIECBAgUIGAQK+giUogQIAAAQIC3R4gQIAAAQIVCAj0CpqoBAIECBAgINDtAQIECBAgUIGAQK+giUogQIAAAQIC3R4gQIAAAQIVCAj0CpqoBAIECBAgINDtAQIECBAgUIGAQK+giUogQIAAAQIC3R4gQIAAAQIVCAj0CpqoBAIECBAgINDtAQIECBAgUIGAQK+giUogQIAAAQIC3R4gQIAAAQIVCAj0CpqoBAIECBAgINDtAQIECBAgUIGAQK+giUogQIAAAQIC3R4gQIAAAQIVCAj0CpqoBAIECBAgINDtAQIECBAgUIGAQK+giUogQIAAAQIC3R4gQIAAAQIVCAj0CpqoBAIECBAgINDtAQIECBAgUIGAQK+giUogQIAAAQIC3R4gQIAAAQIVCAj0CpqoBAIECBAgINDtAQIECBAgUIGAQK+giUogQIAAAQIC3R4gQIAAAQIVCAj0CpqoBAIECBAgINDtAQIECBAgUIGAQK+giUogQIAAAQIC3R4gQIAAAQIVCAj0CpqoBAIECBAgINDtAQIECBAgUIGAQK+giUogQIAAAQIC3R4gQIAAAQIVCAj0CpqoBAIECBAgINDtAQIECBAgUIGAQK+giUogQIAAAQIC3R4gQIAAAQIVCAj0CpqoBAIECBAgINDtAQIECBAgUIGAQK+giUogQIAAAQIC3R4gQIAAAQIVCAj0CpqoBAIECBAgINDtAQIECBAgUIGAQK+giUogQIAAAQIC3R4gQIAAAQIVCAj0CpqoBAIECBAgINDtAQIECBAgUIGAQK+giUogQIAAAQIC3R4gQIAAAQIVCAj0CpqoBAIECBAgINDtAQIECBAgUIGAQK+giUogQIAAAQIC3R4gQIAAAQIVCAj0CpqoBAIECBAgINDtAQIECBAgUIGAQK+giUogQIAAAQIC3R4gQIAAAQIVCAj0CpqoBAIECBAgINDtAQIECBAgUIGAQK+giUogQIAAAQIC3R4gQIAAAQIVCAj0CpqoBAIECBAgINDtAQIECBAgUIGAQK+giUogQIAAAQIC3R4gQIAAAQIVCAj0CpqoBAIECBAgINDtAQIECBAgUIGAQK+giUogQIAAAQIC3R4gQIAAAQIVCAj0CpqoBAIECBAgINDtAQIECBAgUIGAQK+giUogQIAAAQIC3R4gQIAAAQIVCAj0CpqoBAIECBAgINDtAQIECBAgUIGAQK+giUogQIAAAQIC3R4gQIAAAQIVCAj0CpqoBAIECBAgINDtAQIECBAgUIGAQK+giUogQIAAAQIC3R4gQIAAAQIVCAj0CpqoBAIECBAgINDtAQIECBAgUIGAQK+giUogQIAAAQIC3R4gQIAAAQIVCAj0CpqoBAIECBAgINDtAQIECBAgUIGAQK+giUogQIAAAQIC3R4gQIAAAQIVCAj0CpqoBAIECBAgINDtAQIECBAgUIGAQK+giUogQIAAAQIC3R4gQIAAAQIVCAj0CpqoBAIECBAgINDtAQIECBAgUIGAQK+giUogQIAAAQIC3R4gQIAAAQIVCAj0CpqoBAIECBAgINDtAQIECBAgUIGAQK+giUogQIAAAQIC3R4gQIAAAQIVCAj0CpqoBAIECBAgINDtAQIECBAgUIGAQK+giUogQIAAAQIC3R4gQIAAAQIVCAj0CpqoBAIECBAgINDtAQIECBAgUIGAQK+giUogQIAAAQIC3R4gQIAAAQIVCAj0CpqoBAIECBAgINDtAQIECBAgUIGAQK+giUogQIAAAQIC3R4gQIAAAQIVCAj0CpqoBAIECBAgINDtAQIECBAgUIGAQK+giUogQIAAAQIC3R4gQIAAAQIVCAj0CpqoBAIECBAgINDtAQIECBAgUIGAQK+giUogQIAAAQIC3R4gQIAAAQIVCAj0CpqoBAIECBAgINDtAQIECBAgUIGAQK+giUogQIDAoMCTnvSkmf/5k5/8BEyPBAR6j5qtVAIE+iEg0PvR5+EqBXo/+65qAgQqFhDoFTd3mdIEej/7rmoCBCoWEOgVN1eg97O5qiZAoH8Cs2HuNfQe9v6nb5rwron+9V3FBAhUKiDQK23sCGV5yn0EJHchQIBACQK//uu/Hm655Za5pbpeK6Fr8dYo0ONZGokAAQJJBQavzj3lnrQVSSYX6EnYTUqAAIH4AgI9vmlJIwr0krplrQQIEFhCYDjMXaH3b6sI9P71XMUECFQoINArbOqYJQn0McHcnQABAjkKCPQcu9LtmgR6t95mI0CAQHSB4Y+q+WKZ6MRFDCjQi2iTRRIgQGBpAYFudzQCAt0+IECAQMEChx9+ePjxj388U8Fhhx0Wdu7cGVyhF9zQKZYu0KfA81ACjcA3vvGNsG3btvAXf/EX4aCDDgqbNm0Kz372s8Pzn//8cOqpp4YTTjghPPOZz4RFoBWBxb4ZTqC3Qp39oAI9+xZZYE4CO3bsCP/6r/868/8+9alPhf3794+9vF/91V8NJ510UnjhC18YXvGKV4Rjjjlm7DE8gMCsgEC3F+b2gu9ytxkILC7w8MMPh//6r/8KN9xwQ/jCF74Qbrvttk6oNm/eHP7u7/4uNMHvRmA5gaW+t90Vej/3jSv0fvZd1UMCjz322Ex4f/WrXw033nhj+NrXvhYefPDB5E7Nmp773OcmX4cF5Ckg0PPsS6pVCfRU8ubNRqAJ7+aqeJLbJD9+sdjnhVeau1njKaecstLd/HuPBBZ7M9zw0/CT7M8eEVZXqkCvrqUKGlWguSp/3/veF97//veP9JATTzwx3HHHHSPdd9I7vfa1rw3//M//vOTDm2cQPBU/qW5dj1vuZ1I95V5Xr0etRqCPKuV+VQn81V/9VXj3u9+9bE2pr26Wu5L/+7//+/Dbv/3bVfVEMeMJCPTxvPpwb4Hehy6rcU7gE5/4RDjrrLMWFUkd4Eu1ablgP/LII8MPfvADHe6ZwHJh3lC4Qu/Zhvj/5Qr0fva9d1U371Jvnl7/zGc+s6D2o446Kjz00EPZmywX7Lt27Qrr16/PvgYLjCMg0OM41jaKQK+to+qZJ3DnnXeGSy65JFxzzTVFXZUv18algv3uu+/2BTY92P/LvRlutnxX6D3YCIuUKND72ffqq37kkUdmrsg/8IEPVBPkw4U87WlPC9///vfn/edbbrklnH766dX3t88FrnR17in3/u4Ogd7f3ldbefMVrM1V+WKvLf/SL/1S+J//+Z+qah++Yj/44IPD3r17q6pRMU8ICHS7YSkBgW5vVCNw3XXXzVyVL/XRslzf9BajAeP+FvZLXvKSme+ZP/fcc2f+r1sZAqOEuSv0MnrZxioFehuqxuxU4Oabb565Ir/pppuqfXp9FNBRQ334i3Q2btwY/vIv/3LJd/+PMrf7tC+wYcOG8Pjjj89NtNwfqF5Db78fOc4g0HPsijWNLPDZz342nHHGGYve/2Uve1n49Kc/PfJYNdxxsdfVFzvxN6H+D//wD+FjH/vYzFfcNgHwO7/zO+Gqq66qgaHKGka9OneFXmX7RypKoI/E5E65Ciz1ju+an14fpRejXq3fe++94aUvfWn4zne+MzPs8ccfP/NMx3HHHTfKNO7TkcBwP1fa367QO2pMZtMI9MwaYjmjC4waWqOPWNc9x/E577zzwkc+8pEZgDVr1oT//M//DCeffHJdIAVXM87VuSv0ghs95dIF+pSAHp5GYJywSrPCPGYdx2nbtm3h7LPPDvv27Qtr164Nu3fvzqOInq9isIfNlwc1XyK00s0V+kpCdf67QK+zr1VXNRxSzZuFmh9acVtcoAmB4XBe6inbP/uzPwt/+Id/ODNQ87T7PffcgzWhQPMRzAsuuGBuBSs91T57R4GesGkJpxboCfFNPb7AcJgfffTR4YEHHhh/oJ49ognn++67b17VS4XD6173uvBP//RPM/dtfv3tk5/8ZM+08il3cL9ffvnl4fd+7/dGWpxAH4mpujsJ9OpaWm9Bw2F+6aWXhj/6oz+qt+DIlX35y18OL3jBC0YK9Wc84xmhecNcc2t+XvY973lP5NUYbiWBcT6mNjyWQF9Jt85/F+h19rW6qobD/Etf+lL4tV/7terq7KKgYcvmW+Wab5cbvq1bty7s2bNn5j+/+tWvXvZ32rtYd9/mGPeNcIM+Ar1vu+Vn9Qr0fva9qKqHA6h56vjYY48tqobcFjts2nxev/nc/uDt9ttvD6ecckqYfWp+1apV4a//+q/DO9/5ztzKqW49435MzRV6dVtgooIE+kRsHtSVwLQntq7WWeI8w7abNm0K999//4JSjjjiiLBz5865/97874cffrjEkotZ8zRX5zNXaj/9oqDmNuqb6IqBsdBlBQS6DZKtgDBvvzWjfqztiiuuCO9617vCgQMH5hbVPCXfvIfhve99b/sL7dEMk3xMzRV6jzbIMqUKdPsgSwFh3l1bRg31ZkWvec1rwqc+9akFi6vxV+y668ATM036MTWBnqJb+c0p0PPrSe9XJMy73wLjhHqzuibA77zzzgULPeyww+Y9Pd99JWXPOOnH1AR62X2PtXqBHkvSOFMLfOhDHwpvf/vb543jNcCpWUceYNxQbwb+4z/+49B8fHD23fCzkwn2kdnn7jjNx9QE+vjeNT5CoNfY1QJr+tM//dNw0UUXCfPEvZsk1GeXfPjhh4cf//jH8ypoPlrYfMTQbWWBad8INziDN8Wt7F3jPQR6jV0trKZRf/KzsLKKXe40od4UPRzszZvnBn/Hu1iYFhce+2Umgd5iszIeWqBn3Jw+LO3JT37ygh+b8DR7+s5PG+pXX311eMtb3jKvkOb3188999z0xWW4gphX5015Aj3DJnewJIHeAbIpFheYNjS4tisQ46px+IdhrrzyyvCOd7yj3YUXNnqMj6kNlyzQC9sEkZYr0CNBGmY8AWE+nleqe8cI9eb745vvkZ+9CfX53Yx9de4KPdXRkn5egZ6+B71bwZvf/OZw7bXXzqvb0+z5boMYgfPBD34wnH/++UJ9qM0xbBfbOa7Q8z2e2lyZQG9T19iLCsS46kPbnUCs0BHqS1+ZN/8S849agd7d8ZHTTAI9p270YC3CvMwmN32LETjDob5169awZcuWMlGmWPUdd9wRnvOc58yNEMN2cDkCfYrmFPxQgV5w80pbujAvrWPtrHc41GOHWTurjjvq4LHwqle9atGv051mRoE+jV65jxXo5fauqJUL86La1fpiB786du3atWH37t2tz5nLBF0cCwI9l253uw6B3q13L2cbPoFdd9114ayzzuqlhaKfEBjcF3166j3WexKW20sCvZ9HmkDvZ987q/q0004L//Ef/zE335o1axZ873dnizFRdgJdhFtORQ/W27yGfvvtt7eyPIHeCmv2gwr07FtU7gKbzx43n0EevPXx9dJyO9j+yi+77LJw4YUXzk1U8/7o4qn2WUiB3v7ezXEGgZ5jVypZU5cnsErIellG813vs7/W9qxnPSt8+9vfrtKhy2cjBHqVW2jFogT6ikTuMImAMJ9Erb+P6TLsUigP1nfIIYeERx55pNVlCPRWebMdXKBn25pyFybMy+1dqpUPPvXe7J8DBw6kWkr0eQ866KCwf//+Tl9WEOjR21jEgAK9iDaVs8jhMG9+C7v5TWw3AisJrFq1au7La2p6LT3Fsw8CfaXdVue/C/Q6+5qkqubzxHv37p2b+3nPe174yle+kmQtJi1TYDaIarlKHwzz1atXh3379nXSGIHeCXN2kwj07FpS5oK2bdsW3vjGN85bfE1XWWV2pbxV13SVfuihh4ZHH32006faZycT6OXt/RgrFugxFI0RvG5uE8QSqOUqPcVT7QI91i4scxyBXmbfslq1MM+qHcUvpoar9NTHhCv04g+DiQoQ6BOxedDwlcDs//Y0u70RQ6Dkq/STTz45fPOb30zyVLsr9Bi7r9wxBHq5vUu+8tRXIckBLKA1gZKv0lM+1S7QW9uSRQws0ItoU56LHDxxnXPOOeGaa67Jc6FWVaRADsE4Llwuf+R6yn3cztVxf4FeRx87ryKXE1fnhZuwM4HSAv3Vr351+Jd/+ZekT7W7Qu9se2Y5kUDPsi15L0qY592fmlY3u9fWr18fdu3alXVpg8dF8xr6SSedlGy9rtCT0SedWKAn5S9z8tKunMpUtupGoJS9ltsfuQK9n8ePQO9n3yeuevDEVcJV08SFemAWAhdffHG49NJLZ9Zy2mmnhX//93/PYl2Di8gtzAf/EPKpk+y2S6sLEuit8tY1+IYNG8Ljjz8+V5STRV39zbWanK/Sn/70p4fvfve72R0TrtBz3c3trkugt+tb1eg5n1irglbMPIHnP//5c78JkNNV+uAvxM0uOJc/cgV6Pw8igd7Pvo9ddY5PK45dhAcUK5DjH5M5HxMCvditPtXCBfpUfP148Ic+9KHw9re/PbunFfuhr8pGYPAq/aKLLgqXXHJJUpicw7yBEehJt0eyyQV6MvpyJh48ef3t3/5t+N3f/d1yFm+l1QjkcpWee5gL9Gq2/NiFCPSxyfr1gBJOXv3qSH+rHXxTZqrXqks5Hlyh9/M4Eej97PvIVedyVTTygt2xaoGU+3E4zLdu3Rq2bNmSpbdAz7ItrS9KoLdOXO4EPnNebu9qXXmqQB8O82OPPTbcd9992TIL9Gxb0+rCBHqrvOUO7jPn5fau9pV3HerDnzVvfFM95T9qbwX6qFJ13U+g19XPaNV0fdKMtnADVS/Q5d7M+bPmyzVaoFd/GCxaoEDvZ9+XrbqUN/5oXX8FZvfomjVrwp49e1qDKPVYEOitbYmsBxboWbcnzeK6vAJKU6FZSxfoYo+WGuZNbwV66Tt8svUL9Mncqn1UFyfKavEU1plA8+7yyy+/fGa+zZs3h1tvvTXq3CWHuUCPuhWKGkygF9Wu9hcr0Ns3NkMcgbb2aulhLtDj7K8SRxHoJXatpTUPnsgOP/zw8KMf/ailmQxLYHqB5z73ueG2226LepVe0mfNlxP0lPv0+6vEEQR6iV1rac1tXfG0tFzDEph7rbihmPajZKV91lygOwCGBQS6PTEjUMPTjFrZP4HBq/QLLrggNB8zm+Q2vP9j/IEwyTpiPcYVeizJssYR6GX1q7XVujpvjdbALQtMs3cXC/Jt27aFN7zhDS2vut3hBXq7vrmOLtBz7UyH6zriiCPCzp0752ac9qnLDpduKgJh7dq1Ye/evTMSo+7dT3ziE+Gss85aoDfq43NnF+i5d6id9Qn0dlyLGnWaK5yiCrXYagXG2cO1XpUPNlegV7vVly1MoPez73NVX3XVVeFtb3ubq/Oe74PSyx8l0Gu/Khfope/i6dcv0Kc3LHqEwRPhhz/84XDeeecVXY/F91dgqVBf7Ip8nKfnSxR1hV5i16Zfs0Cf3rDoEUa5sim6QIvvjcBie7mPYd40XKD3ZtvPK1Sg97PvM1X7IpkeN7/C0t/5zneGK6+8cqaygw46KPzf//3fgn2+devW0HxtbO03gV57hxevT6D3s+8LTnS1vLu3x+1U+tAfqX3e0wK9n4eDQO9n332RTE/7XnvZg1fpJ554YrjjjjtqL3nR+gR6L9seBHo/+x71KzN7SqjsTAW8L8Rr6JluzdaXJdBbJ85vAl8kk19PrCiewEknnRS+9a1vzQx4/vnnhyuuuCLe4IWM5Aq9kEZFXqZAjwxawnCuYErokjVOI9D3PS7Qp9k95T5WoJfbu4lX3veT3cRwHliMwMEHHxz27dvX26t0gV7MVo26UIEelTP/wYR5/j2ywjgCfd7rAj3OHiptFIFeWsemXG9bJ7n169eH3bt3z6zuaU97WtixY8eUK/VwAtMJtLXXp1tVN48W6N045zaLQM+tIy2vp42T3FLfxvWP//iP4fWvf33LFRmewNICbez3ErwFegldir9GgR7fNNsR2zq5zY771re+Ndxwww3hgQcemDMQ6tluh14srK09nzueQM+9Q+2sT6C345rlqG2d3IZPHtdff30488wz5wz6/I1dWW6EHi3qhBNOCHffffdMxccff3y46667elG9QO9FmxcUKdB71Pe2A72h3LhxY9i+fXsYDPV169aFxx9/vEfSSs1JoK19n1ONw2sR6Dl3p721CfT2bLMauc2T2lKvoQ8CuErPajv0ajFt7v1cIQV6rp1pd10CvV3fbEZv+6S2adOmZd/ZLtCz2Qq9XEjb+z83VIGeW0e6WY9A78Y5+Sx9O6ElB7eArAT6tv8Felbbr7PFCPTOqNNN1LeTWTppM+cq0Lc3xwn0XHdiu+sS6O36ZjG6QM+iDRaRWKBPx4FAT7zZEk0v0BPBdzltn05kXbqaqyyBPh0HAr2svRlrtQI9lmSm4/TpJJZpCywrI4G+HA8CPaNN1+FSBHqH2Cmm6ssJLIWtOcsT6MvxINDL25sxVizQYyhmPEZfTmAZt8DSMhLoy5vjBHpGm67DpQj0DrG7nkqYdy1uvhIE+nBcCPQSdmL8NQr0+KbZjNiHE1c22BZSjEAfjguBXsx2jLpQgR6VM6/B+nDiykvcakoRmD02jjvuuHDPPfeUsuyR1ynQR6aq6o4Cvap2PlHMb/zGb4TPfe5zM//B165W2mRlTSxQ+x+7An3irVH0AwV60e1bevG1n7AqbZuyOhKo/fgQ6B1tpMymEeiZNSTWcmo/YcVyMk4/BTZs2DD3k741PoMl0Pu5rwV6pX0X6JU2VlnRBGaPkbPPPjtce+210cbNYSCBnkMXul+DQO/evJMZBXonzCYpWKDmY0SgF7wxp1i6QJ8CL+eH1nyyytnd2soRqPkYEejl7MOYKxXoMTUzGqvmk1VGzJZSsMDq1avDgQMHZiqo7XV0gV7wxpxi6QJ9CrycHyrQc+6OteUiUGvw1VpXLvsm13UI9Fw7M8W67r///nDMMcfMjPC///u/4ed//uenGM1DCdQrMBt8q1atCvv376+mUIFeTSvHKkSgj8VVxp1dnZfRJ6tML1DrsSLQ0++tFCsQ6CnUW56z1pNUy2yG76FArceKQO/hZv5pyQK9wr7XepKqsFVKSixwzjnnhI9+9KMzq6jpjXECPfHGSjS9QE8E3+a0Ar1NXWPXJjB7vKxfvz7s2rWrivIEehVtHLsIgT42Wf4PEOj598gK8xGo8XgR6Pnsry5XItC71O5orhpPUB3RmaaHAjUeLwK9hxvZa+h1Nr3GE1SdnVJVDgLPeMYzwr333lvV6+gCPYed1f0aXKF3b976jLMHc40/OtE6ngl6KTB7zOzevTusXbu2eAOBXnwLJypAoE/ElveDHMx598fq8hOYPWa2b98eNm7cmN8Cx1yRc8CYYJXcXaBX0sjBMhzMFTZVSa0K1PaNcc4BrW6XbAcX6Nm2ZvKFOZgnt/PIfgrMHjPN/539wZaSJZwDSu7e5GsX6JPbZftIB3O2rbGwTAUEeqaNsayxBAT6WFxl3Fmgl9Enq8xHoLZPhjgH5LO3ulyJQO9Su6O5HMwdQZumGgGBXk0re12IQK+w/QK9wqYqqVUBgd4qr8E7EhDoHUF3OY1A71LbXDUICPQauqgGgV7hHhDoFTZVSa0KCPRWeQ3ekYBA7wi6y2kEepfa5qpBYNWqVXM/n1rDz6g6B9SwK8evQaCPb5b9IxzM2bfIAjMTEOiZNcRyJhIQ6BOx5f0ggb54f7jkvW9Trm716tVzXyjjCj1lJ8w9jYBAn0Yv08cKroWN+dKXvhROP/30mX+o4YSd6dYrdllnnnlmuP7666vZH84BxW7FqRYu0Kfiy/PBDuaFfantTU957rxyV7Vnz56wbt06gV5uC638pwICvcJtINCXDvQvfvGL4QUveEGFXVfStAI1HTc11TJtX/v0eIFeYbcdzPObetlll4ULL7ywmquvCrdsFiXVdNzUVEsWm6OQRQj0Qho1zjIdzPO1PN0+zu7p731rOm5qqqW/O3L8ygX6+GbZP8LB/ESLBsN869atYcuWLdn3zwLTCNR03NRUS5rdUOasAr3Mvi27agfzz3iOO+64cN999838/5/+9KeHe++9t8JuKymWQE3HTU21xOpvH8YR6BV22cH8s6Z6qr3Czd1iSTUdNzXV0mLLqxtaoFfX0ieCrM+ftxbmFW7slkuqKQRrqqXltlc1vECvqp3zr0z7GuibNm0KO3bsmMHYuHFj2L59e4VdVlJsgZpCsKZaYve55vEEeoXd7fPB3Lzp7fLLL5/ral//qKlwW7deUk3HTU21tN74iiYQ6BU1c7aUvh7MwrzCzdxhSTUdNzXV0uEWKH4qgV58CxcW0MeDeTjML7jggtB8oYwbgVEFajpuaqpl1P65n69+rXIP9O1gHnwDXNNQYV7ltm61qKOPPjo8+OCDM3PU8DJN384BrW6OggZ3hV5Qs0Zdal8O5uEgF+aj7hD3Gxao7VMRfTkH2MnzBQR6hTui5oP5hBNOCHffffeiXavhyqrC7VhESQK9iDZZ5AoCAr3CLVJjoOiruAwAABJhSURBVC92NT7bOkFe4SbuuCSB3jG46VoREOitsKYddLnwS7uyuLML8riefRlt3OPjDW94Q9i2bVtRPDX+UV9UAxItVqAngm9z2nFPWG2uJfbYxx9/fLjrrrtiD2u8HglMcnysWrUq7N+/vxglgV5Mq6IuVKBH5cxjMAdzHn2wijIElnu6/aCDDloQ5K94xSvCv/3bv2VdnHNA1u1pbXECvTXadAM7mNPZm7k8gZVePz/zzDPD9ddfv6Cw9evXh507d4aDDz44u6KdA7JrSScLEuidMHc7iYO5W2+zlS2wUqDPVrdu3bqwZ8+eBcVu3rw53HrrrVkhOAdk1Y7OFiPQO6PubiIHc3fWZipfYNRAn620ecr9xhtvXFD4lVdeGd7xjndkAeIckEUbOl+EQO+cvP0JHcztG5uhHoHZ4+WpT31q+P73vz9WYcOvsa9evTrs27dvrDHauLNzQBuq+Y8p0PPv0dgrdDCPTeYBPRUY9+p8MaYPfvCD4fzzz5/3T2effXa49tprk6k6BySjTzqxQE/K387kDuZ2XI1al8Cjjz4aDj300Lmipv1eg1NPPTV8/etfnxvvjW98Y/j4xz+eBM05IAl78kkFevIWxF+Agzm+qRHrExi8On/kkUfCIYccMnWR55xzTvjoRz86N06qK3XngKlbWeQAAr3Iti2/aAdzhU1VUnSBGE+3L7aoHELdOSD6diliQIFeRJvGW2RbJ6rxVuHeBPIVaPsYedOb3hSuu+66aE/njysp0McVq+P+Ar2OPs6rou2TVYVkSuqRQOzXzpeiSxnqAr1HG3qgVIFeYd8FeoVNVVI0gTZeO19qcc1H4R566KGZf27mPXDgQLQ6lhtIoHfCnN0kAj27lky/IIE+vaER6hTo6up8UG/weHzKU54SHnzwwdZxBXrrxFlOINCzbMt0izr66KPnThpXXXVVeOtb3zrdgB5NoBKBLq/Olwr13/qt35r3Tvg2aAV6G6r5jynQ8+/RRCt0lT4RmwdVLpDyuOhyboFe+UZeojyBXmnfuzx5VEqorMoEUh8Tb3nLW8LVV189pzrtF9ks1x6BXtnmHbEcgT4iVGl3S33yKs3LeusWeNnLXhZuuummTsJ0OclTTjklfOMb35i5y5o1axb99bYYnRDoMRTLG0Ogl9ezkVYs0EdicqeeCOR0PAyu5X3ve1+4+OKLo3dBoEcnLWJAgV5Em8Zf5Ec+8pFw3nnnzTxwkl+RGn9GjyCQp8CRRx4ZHn744eRX54M6bf+BIdDz3Ittr0qgty2ccPy2TxoJSzM1gZEFcjwO3vWud4W/+Zu/ae2PDIE+8vao6o4Cvap2zi8mxxNZxdxKy1Bg8Bg47LDDws6dO7NZ5dq1a8PevXtn1vMrv/Ir836pbdpFCvRpBct8vEAvs28jrVqgj8TkThUL5H4MtLU+gV7xpl6mNIFecd/bOllUTKa0igQG9/8ZZ5wRPvOZz2RZXRvHqUDPstWtL0qgt06cdoI2ThZpKzI7gdEEStn769atm/v42otf/OLwuc99brQCl7tS++n3xje3Nj/rPvUiDRBdQKBHJ81rwMGT2oYNG8Jjjz2W1wKthkALAqWE+WzpsdfrCr2FTVXAkAK9gCZNu8TYJ4tp1+PxBNoUWLVq1dyVabP3u/qFs2lqeslLXhJuvvnmmSGaN8vt3r17muFmftnNFfpUhEU+WKAX2bbxFj0Y6A7y8ezcuyyBHTt2hE2bNs0tuqSnnAeP0ybcX/SiF02ML9Anpiv6gQK96PaNvnhX6aNbuWe5AoP7fPv27WHjxo3FFPP5z38+NK+hz96m+WNEoBfT9qgLFehROfMd7Pjjjw/f+c53opws8q3SyvosUOJT7cP9ivUGOYHezyNBoPeo74NXL8985jPD3Xff3aPqlVqzwObNm8PXvva1Kv5gjfFsmkCvebcvXZtA71nfY5wsekam3AIEatrXMd4gJ9AL2LQtLFGgt4Ca85DeIJdzd6xtEoHBPR3jHeKTrCH2Y6b9A0Wgx+5IGeMJ9DL6FHWV054soi7GYASmEKj5D9RpjlOBPsWmKvihAr3g5k269Cc/+clh165dVbzeOKmBx5UvUHOYN90ZrO+OO+4IJ5544shNE+gjU1V1R4FeVTtHL8Y3yI1u5Z75CQz+Ulmzumk+4pVfdT9b0be+9a1w0kknTfSHt0DPtavtrkugt+ub9eiDof4Lv/AL4bvf/W7W67U4Ao3As571rHDXXXdNFHSlCU56lS7QS+t0nPUK9DiORY4y/JTlbbfdFk499dQia7HofggMh3mzX5t9W+tt0qt0gV7rjli+LoHez77PVT0c6g8++GB4ylOe0nMV5eco0LyG/N///d9zS/vlX/7lmaela79NcpUu0GvfFYvXJ9D72fd5Vdf+5iItLl+gr2HedG6Sq3SBXv6en6QCgT6JWoWPEeoVNrWSkvoc5rMtHPcqXaBXsvnHLEOgjwlW892Fes3dLbO24T15wgknhDvvvLPMYqZY9bhX6QJ9CuyCHyrQC25eG0sX6m2oGnMSAWE+X22cL5oR6JPsuPIfI9DL72HUCh566KHw1Kc+dd6YNX7GNyqawaIKDAd5M/gPfvCDcOSRR0adp8TBRg11gV5id6dfs0Cf3rC6EW644Ybwyle+UqhX19m8C/rhD38YjjrqqAWL9AflEyQnn3xy+OY3vzn3H5ayEeh57/W2VifQ25ItfNxjjz02fO973xPqhfexlOUvdlUuyBfv3qDVc57znHD77bcvuKNAL2Xnx12nQI/rWdVow9/53hTnJFtVi5MXc/DBB4d9+/a5Kh+zE4Ohfsstt4TTTz993ggCfUzQSu4u0CtpZFtlNN8lPfzlHUK9Le3+jPuLv/iL4Z577hHkE7b8i1/8YnjhC1+45FPvAn1C2MIfJtALb2BXyx9+SnTz5s3h1ltv7Wp681QicPnll4ctW7YsqOZ5z3te+MpXvlJJld2Usdzr6QK9mx7kNotAz60jGa/H65wZNyfzpX3hC18IL3rRixasstlTBw4cyHz1+S5vqdfTBXq+PWtzZQK9Td0KxxbqFTa1xZIee+yxcMghhyw6Q/NvGzZsaHH2fgy92EfZBHo/ej9cpUDvZ9+nqtrr6lPx9ebBi/3x1xR/ySWXhIsuuqg3Dl0UOhzqAr0L9fzmEOj59aSYFXldvZhWdbrQ9evXh927dy+Yc+PGjWH79u2drqUvkz372c8O3/72txeU6w2sfdkBP6tToPer39Gr9RR8dNJiB9y0aVPYsWPHgvU3T6s3T6+7tSvgWGzXt4TRBXoJXcp8jU4kmTeo5eVdeuml4eKLL150FleILeMPDe+3GLr1zm02gZ5bRwpdj9fVC23cFMv+7Gc/G84444xFR3j00UdD88VEbt0LjPp9792vzIxtCwj0toV7Nr7X1etveBPWhx566KKFNp8lbz5T7pZOQKCns089s0BP3YEK51/q3c2efi2/2Uv19j3veU94//vfX36BlVTgXe6VNHLMMgT6mGDuPprAUif+2UcL99Ecc7nXUv08+uijwwMPPJDLMq2DQK8FBHqv299u8Z/+9KfDb/7mb644iXBfkSjZHZp3qD/++OML5m8+mrZr165k6zIxAQILBQS6XdGJwJ//+Z+HP/iDP1h2rjVr1oQ9e/Z0sh6TLC9wzDHHhPvvv3/RO/kDzO4hkKeAQM+zL1Wv6txzzw3XXHPNsjUefvjh4Uc/+lHVDjkW9973vjf8yZ/8iSDPsTnWRGAFAYFuiyQVOOKII8LOnTuXXcOb3/zmcPXVVyddZ+2Tr1q1asnfundFXnv31VeLgECvpZMV1LF27dqwd+/eZSv5wAc+EH7/93+/gmrTl/D5z38+vPjFL15yITfddFN46Utfmn6hVkCAwEgCAn0kJnfqWmCld8k367nxxhvDy1/+8q6XVvx8q1evXvYnS2+++eZFf+q0+MIVQKByAYFeeYNrKG+UcJ+t09PDS3d8OUe/S17DkaKGvgsI9L7vgILq/+EPfxiOOuqosVe8ZcuWsHXr1rEfV8MDXI3X0EU1EBhNQKCP5uReGQqMc+U+vPzmzXgPP/xwhlVNv6SVXhtv3gC3f//+6ScyAgECWQkI9KzaYTHTCvzcz/3cVB93K+Ep+3379oXmM/vjrnXc+0/bC48nQKBbAYHerbfZEghceOGF4bLLLmt95lNPPTW86U1vWvELdFZayOtf//rwyU9+cqW7jfTvXhsficmdCFQhINCraKMixhXYvXt3aL6+tMbb6173unD99dfXWJqaCBBYRkCg2x4EBgSuuOKKmS+x+epXv5qlS3PF/eUvfzmcdtppWa7PoggQSCcg0NPZm5kAAQIECEQTEOjRKA1EgAABAgTSCQj0dPZmJkCAAAEC0QQEejRKAxEgQIAAgXQCAj2dvZkJECBAgEA0AYEejdJABAgQIEAgnYBAT2dvZgIECBAgEE1AoEejNBABAgQIEEgnINDT2ZuZAAECBAhEExDo0SgNRIAAAQIE0gkI9HT2ZiZAgAABAtEEBHo0SgMRIECAAIF0AgI9nb2ZCRAgQIBANAGBHo3SQAQIECBAIJ2AQE9nb2YCBAgQIBBNQKBHozQQAQIECBBIJyDQ09mbmQABAgQIRBMQ6NEoDUSAAAECBNIJCPR09mYmQIAAAQLRBAR6NEoDESBAgACBdAICPZ29mQkQIECAQDQBgR6N0kAECBAgQCCdgEBPZ29mAgQIECAQTUCgR6M0EAECBAgQSCcg0NPZm5kAAQIECEQTEOjRKA1EgAABAgTSCQj0dPZmJkCAAAEC0QQEejRKAxEgQIAAgXQCAj2dvZkJECBAgEA0AYEejdJABAgQIEAgnYBAT2dvZgIECBAgEE1AoEejNBABAgQIEEgnINDT2ZuZAAECBAhEExDo0SgNRIAAAQIE0gkI9HT2ZiZAgAABAtEEBHo0SgMRIECAAIF0AgI9nb2ZCRAgQIBANAGBHo3SQAQIECBAIJ2AQE9nb2YCBAgQIBBNQKBHozQQAQIECBBIJyDQ09mbmQABAgQIRBMQ6NEoDUSAAAECBNIJCPR09mYmQIAAAQLRBAR6NEoDESBAgACBdAICPZ29mQkQIECAQDQBgR6N0kAECBAgQCCdgEBPZ29mAgQIECAQTUCgR6M0EAECBAgQSCcg0NPZm5kAAQIECEQTEOjRKA1EgAABAgTSCQj0dPZmJkCAAAEC0QQEejRKAxEgQIAAgXQCAj2dvZkJECBAgEA0AYEejdJABAgQIEAgnYBAT2dvZgIECBAgEE1AoEejNBABAgQIEEgnINDT2ZuZAAECBAhEExDo0SgNRIAAAQIE0gkI9HT2ZiZAgAABAtEEBHo0SgMRIECAAIF0AgI9nb2ZCRAgQIBANAGBHo3SQAQIECBAIJ2AQE9nb2YCBAgQIBBNQKBHozQQAQIECBBIJyDQ09mbmQABAgQIRBMQ6NEoDUSAAAECBNIJCPR09mYmQIAAAQLRBAR6NEoDESBAgACBdAICPZ29mQkQIECAQDQBgR6N0kAECBAgQCCdgEBPZ29mAgQIECAQTUCgR6M0EAECBAgQSCcg0NPZm5kAAQIECEQTEOjRKA1EgAABAgTSCQj0dPZmJkCAAAEC0QQEejRKAxEgQIAAgXQCAj2dvZkJECBAgEA0AYEejdJABAgQIEAgnYBAT2dvZgIECBAgEE1AoEejNBABAgQIEEgnINDT2ZuZAAECBAhEExDo0SgNRIAAAQIE0gkI9HT2ZiZAgAABAtEEBHo0SgMRIECAAIF0AgI9nb2ZCRAgQIBANAGBHo3SQAQIECBAIJ2AQE9nb2YCBAgQIBBNQKBHozQQAQIECBBIJyDQ09mbmQABAgQIRBMQ6NEoDUSAAAECBNIJCPR09mYmQIAAAQLRBAR6NEoDESBAgACBdAICPZ29mQkQIECAQDQBgR6N0kAECBAgQCCdgEBPZ29mAgQIECAQTUCgR6M0EAECBAgQSCcg0NPZm5kAAQIECEQTEOjRKA1EgAABAgTSCQj0dPZmJkCAAAEC0QQEejRKAxEgQIAAgXQCAj2dvZkJECBAgEA0AYEejdJABAgQIEAgnYBAT2dvZgIECBAgEE1AoEejNBABAgQIEEgnINDT2ZuZAAECBAhEExDo0SgNRIAAAQIE0gkI9HT2ZiZAgAABAtEEBHo0SgMRIECAAIF0AgI9nb2ZCRAgQIBANAGBHo3SQAQIECBAIJ2AQE9nb2YCBAgQIBBNQKBHozQQAQIECBBIJyDQ09mbmQABAgQIRBP4f+T+lFHWU2GNAAAAAElFTkSuQmCC","[[{""x"":267,""y"":199,""color"":""#000000"",""action"":""start"",""t"":2463},{""x"":266,""y"":196,""action"":""move""},{""x"":260,""y"":190,""action"":""move""},{""x"":250,""y"":181,""action"":""move""},{""x"":240,""y"":173,""action"":""move""},{""x"":229,""y"":168,""action"":""move""},{""x"":212,""y"":166,""action"":""move""},{""x"":195,""y"":170,""action"":""move""},{""x"":178,""y"":180,""action"":""move""},{""x"":160,""y"":197,""action"":""move""},{""x"":144,""y"":216,""action"":""move""},{""x"":134,""y"":232,""action"":""move""},{""x"":126,""y"":250,""action"":""move""},{""x"":120,""y"":268,""action"":""move""},{""x"":118,""y"":285,""action"":""move""},{""x"":118,""y"":299,""action"":""move""},{""x"":118,""y"":312,""action"":""move""},{""x"":118,""y"":325,""action"":""move""},{""x"":121,""y"":339,""action"":""move""},{""x"":128,""y"":351,""action"":""move""},{""x"":137,""y"":361,""action"":""move""},{""x"":152,""y"":373,""action"":""move""},{""x"":175,""y"":381,""action"":""move""},{""x"":196,""y"":385,""action"":""move""},{""x"":213,""y"":386,""action"":""move""},{""x"":229,""y"":386,""action"":""move""},{""x"":246,""y"":384,""action"":""move""},{""x"":261,""y"":378,""action"":""move""},{""x"":274,""y"":371,""action"":""move""},{""x"":285,""y"":365,""action"":""move""},{""x"":292,""y"":361,""action"":""move""},{""x"":298,""y"":357,""action"":""move""},{""x"":303,""y"":352,""action"":""move""},{""x"":308,""y"":346,""action"":""move""},{""x"":312,""y"":340,""action"":""move""},{""x"":317,""y"":331,""action"":""move""},{""x"":322,""y"":321,""action"":""move""},{""x"":324,""y"":310,""action"":""move""},{""x"":324,""y"":299,""action"":""move""},{""x"":323,""y"":284,""action"":""move""},{""x"":319,""y"":267,""action"":""move""},{""x"":313,""y"":252,""action"":""move""},{""x"":308,""y"":241,""action"":""move""},{""x"":302,""y"":228,""action"":""move""},{""x"":296,""y"":215,""action"":""move""},{""x"":292,""y"":207,""action"":""move""},{""x"":287,""y"":200,""action"":""move""},{""x"":283,""y"":196,""action"":""move""},{""x"":279,""y"":193,""action"":""move""},{""x"":275,""y"":191,""action"":""move""},{""x"":270,""y"":189,""action"":""move""},{""x"":265,""y"":186,""action"":""move""},{""x"":261,""y"":181,""action"":""move""},{""x"":257,""y"":178,""action"":""move""},{""x"":254,""y"":177,""action"":""move""},{""action"":""end"",""t"":4263}],[{""x"":313,""y"":243,""color"":""#000000"",""action"":""start"",""t"":5398},{""x"":313,""y"":243,""action"":""move""},{""x"":316,""y"":242,""action"":""move""},{""x"":325,""y"":236,""action"":""move""},{""x"":339,""y"":220,""action"":""move""},{""x"":354,""y"":197,""action"":""move""},{""x"":366,""y"":176,""action"":""move""},{""x"":372,""y"":161,""action"":""move""},{""x"":375,""y"":153,""action"":""move""},{""x"":375,""y"":151,""action"":""move""},{""x"":375,""y"":150,""action"":""move""},{""x"":375,""y"":150,""action"":""move""},{""x"":375,""y"":152,""action"":""move""},{""x"":375,""y"":159,""action"":""move""},{""x"":375,""y"":182,""action"":""move""},{""x"":375,""y"":221,""action"":""move""},{""x"":375,""y"":259,""action"":""move""},{""x"":375,""y"":295,""action"":""move""},{""x"":375,""y"":324,""action"":""move""},{""x"":375,""y"":342,""action"":""move""},{""x"":375,""y"":353,""action"":""move""},{""x"":375,""y"":361,""action"":""move""},{""x"":375,""y"":366,""action"":""move""},{""x"":375,""y"":368,""action"":""move""},{""x"":375,""y"":369,""action"":""move""},{""x"":375,""y"":370,""action"":""move""},{""x"":375,""y"":370,""action"":""move""},{""x"":375,""y"":371,""action"":""move""},{""x"":375,""y"":371,""action"":""move""},{""x"":375,""y"":372,""action"":""move""},{""x"":375,""y"":372,""action"":""move""},{""x"":374,""y"":370,""action"":""move""},{""x"":371,""y"":366,""action"":""move""},{""x"":365,""y"":358,""action"":""move""},{""x"":360,""y"":348,""action"":""move""},{""x"":354,""y"":338,""action"":""move""},{""x"":349,""y"":331,""action"":""move""},{""x"":345,""y"":326,""action"":""move""},{""x"":341,""y"":322,""action"":""move""},{""x"":336,""y"":319,""action"":""move""},{""x"":331,""y"":317,""action"":""move""},{""x"":328,""y"":315,""action"":""move""},{""x"":325,""y"":315,""action"":""move""},{""x"":323,""y"":315,""action"":""move""},{""x"":321,""y"":315,""action"":""move""},{""x"":320,""y"":315,""action"":""move""},{""x"":319,""y"":315,""action"":""move""},{""x"":317,""y"":315,""action"":""move""},{""action"":""end"",""t"":7096}],[{""x"":146,""y"":252,""color"":""#000000"",""action"":""start"",""t"":7932},{""x"":146,""y"":252,""action"":""move""},{""x"":146,""y"":253,""action"":""move""},{""x"":146,""y"":254,""action"":""move""},{""x"":146,""y"":256,""action"":""move""},{""x"":149,""y"":257,""action"":""move""},{""x"":152,""y"":257,""action"":""move""},{""x"":153,""y"":257,""action"":""move""},{""x"":153,""y"":257,""action"":""move""},{""x"":152,""y"":255,""action"":""move""},{""x"":150,""y"":253,""action"":""move""},{""x"":148,""y"":252,""action"":""move""},{""x"":147,""y"":252,""action"":""move""},{""x"":147,""y"":252,""action"":""move""},{""x"":146,""y"":254,""action"":""move""},{""x"":146,""y"":255,""action"":""move""},{""action"":""end"",""t"":8530}],[{""x"":119,""y"":315,""color"":""#000000"",""action"":""start"",""t"":9534},{""x"":120,""y"":315,""action"":""move""},{""x"":122,""y"":315,""action"":""move""},{""x"":130,""y"":315,""action"":""move""},{""x"":142,""y"":315,""action"":""move""},{""x"":153,""y"":315,""action"":""move""},{""x"":162,""y"":315,""action"":""move""},{""x"":170,""y"":315,""action"":""move""},{""x"":175,""y"":313,""action"":""move""},{""x"":179,""y"":311,""action"":""move""},{""x"":182,""y"":308,""action"":""move""},{""x"":184,""y"":305,""action"":""move""},{""x"":186,""y"":302,""action"":""move""},{""x"":187,""y"":301,""action"":""move""},{""x"":187,""y"":301,""action"":""move""},{""x"":187,""y"":300,""action"":""move""},{""x"":187,""y"":299,""action"":""move""},{""x"":187,""y"":299,""action"":""move""},{""x"":188,""y"":298,""action"":""move""},{""x"":188,""y"":297,""action"":""move""},{""x"":188,""y"":296,""action"":""move""},{""x"":188,""y"":296,""action"":""move""},{""action"":""end"",""t"":10495}]]",""
"survey-likert","5","51192","0.0-5.0","8838","","{""code_fun"":3,""gif"":2,""snow_cold"":4,""like_snow"":1}","","","","[1,3,2,0]"
"html-keyboard-response","6","53276","0.0-6.0","2082","Please type your favorite letter.","q","","","",""
"survey-likert","7","59778","0.0-7.0","6501","","{""Fruit"":3,""Vegetables"":3,""Meat"":1}","","","","[1,0,2]"
"survey-text","8","62070","0.0-8.0","2289","","{""Q0"":""goldfish""}","","","",""
